fixture_id,date,match_time,region_league,league_id,home_team,away_team,home_team_id,away_team_id,home_score,away_score,match_status,match_link,league_stage,last_updated
rqaBOCNH,,18:45,EUROPE - Europa League,Unknown,Crvena zvezda,Lille,ncRzHK14,pfDZL71o,,,scheduled,https://www.flashscore.com/match/football/crvena-zvezda-ncRzHK14/lille-pfDZL71o/?mid=rqaBOCNH,Play Offs,2026-02-26T13:19:47.037417+00:00
pnINDe9a,,18:45,EUROPE - Europa League,Unknown,Ferencvaros,Ludogorets,pKS9M7R7,GrLjfV3M,,,scheduled,https://www.flashscore.com/match/football/ferencvaros-pKS9M7R7/ludogorets-GrLjfV3M/?mid=pnINDe9a,Play Offs,2026-02-26T13:19:47.037417+00:00
6JohFmT6,,18:45,EUROPE - Europa League,Unknown,Plzen,Panathinaikos,SENMmweG,2LA0e86b,,,scheduled,https://www.flashscore.com/match/football/panathinaikos-SENMmweG/plzen-2LA0e86b/?mid=6JohFmT6,Play Offs,2026-02-26T13:19:47.037417+00:00
QPJwAD8O,,18:45,EUROPE - Europa League,Unknown,Stuttgart,Celtic,QFKRRD8M,nJQmYp1B,,,scheduled,https://www.flashscore.com/match/football/celtic-QFKRRD8M/vfb-stuttgart-nJQmYp1B/?mid=QPJwAD8O,Play Offs,2026-02-26T13:19:47.037417+00:00
j3iStfwn,,21:00,EUROPE - Europa League,Unknown,Bologna,Brann,0M9xNN8N,QBbt6ivB,,,scheduled,https://www.flashscore.com/match/football/bologna-0M9xNN8N/brann-QBbt6ivB/?mid=j3iStfwn,Play Offs,2026-02-26T13:19:47.037417+00:00
QupxJVTs,,21:00,EUROPE - Europa League,Unknown,Celta Vigo,PAOK,8pvUZFhf,Kry6HxA9,,,scheduled,https://www.flashscore.com/match/football/celta-vigo-8pvUZFhf/paok-Kry6HxA9/?mid=QupxJVTs,Play Offs,2026-02-26T13:19:47.037417+00:00
tjTqLwHP,,21:00,EUROPE - Europa League,Unknown,Genk,Din. Zagreb,8G5ufQTg,r3jWUIiN,,,scheduled,https://www.flashscore.com/match/football/din-zagreb-8G5ufQTg/genk-r3jWUIiN/?mid=tjTqLwHP,Play Offs,2026-02-26T13:19:47.037417+00:00
25ceSfOh,,21:00,EUROPE - Europa League,Unknown,Nottingham,Fenerbahce,MsbmracL,UsushcZr,,,scheduled,https://www.flashscore.com/match/football/fenerbahce-MsbmracL/nottingham-UsushcZr/?mid=25ceSfOh,Play Offs,2026-02-26T13:19:47.037417+00:00
rPsbIFt0,,18:45,EUROPE - Conference League,Unknown,Celje,Drita,SpbURe4O,bwWOjXUP,,,scheduled,https://www.flashscore.com/match/football/celje-SpbURe4O/drita-bwWOjXUP/?mid=rPsbIFt0,Play Offs,2026-02-26T13:19:47.037417+00:00
OKAX1fdJ,,18:45,EUROPE - Conference League,Unknown,Fiorentina,Jagiellonia,Q3A3IbXH,lIDaZJTc,,,scheduled,https://www.flashscore.com/match/football/fiorentina-Q3A3IbXH/jagiellonia-lIDaZJTc/?mid=OKAX1fdJ,Play Offs,2026-02-26T13:19:47.037417+00:00
jR2JPclQ,,18:45,EUROPE - Conference League,Unknown,Rijeka,Omonia,GSLWiAPe,zXKuUR5J,,,scheduled,https://www.flashscore.com/match/football/omonia-GSLWiAPe/rijeka-zXKuUR5J/?mid=jR2JPclQ,Play Offs,2026-02-26T13:19:47.037417+00:00
lrbe23j2,,18:45,EUROPE - Conference League,Unknown,Samsunspor,Shkendija,pSc6z7bf,je0pik4r,,,scheduled,https://www.flashscore.com/match/football/samsunspor-pSc6z7bf/shkendija-tetovo-je0pik4r/?mid=lrbe23j2,Play Offs,2026-02-26T13:19:47.037417+00:00
xjaH9obS,,21:00,EUROPE - Conference League,Unknown,AZ Alkmaar,Noah,2RxOow1i,IeATrtcs,,,scheduled,https://www.flashscore.com/match/football/az-alkmaar-2RxOow1i/noah-IeATrtcs/?mid=xjaH9obS,Play Offs,2026-02-26T13:19:47.037417+00:00
8A70DTb3,,21:00,EUROPE - Conference League,Unknown,Crystal Palace,Zrinjski,AovF1Mia,0C6tPiIc,,,scheduled,https://www.flashscore.com/match/football/crystal-palace-AovF1Mia/zrinjski-0C6tPiIc/?mid=8A70DTb3,Play Offs,2026-02-26T13:19:47.037417+00:00
2DKEkQ6d,,21:00,EUROPE - Conference League,Unknown,Lausanne,Sigma Olomouc,Wd10iFbk,drA4fSL4,,,scheduled,https://www.flashscore.com/match/football/lausanne-Wd10iFbk/sigma-olomouc-drA4fSL4/?mid=2DKEkQ6d,Play Offs,2026-02-26T13:19:47.037417+00:00
zw3F7bSs,,21:00,EUROPE - Conference League,Unknown,Lech Poznan,KuPS,nLBbqJDS,OpNH7Ouf,,,scheduled,https://www.flashscore.com/match/football/kups-nLBbqJDS/lech-poznan-OpNH7Ouf/?mid=zw3F7bSs,Play Offs,2026-02-26T13:19:47.037417+00:00
zLpbA7qH,,23:00,SOUTH AMERICA - Copa Libertadores,Unknown,Guarani (Par),Juventud (Uru),KYvzpYtb,UcloL6tq,-,-,finished,https://www.flashscore.com/match/football/guarani-KYvzpYtb/juventud-UcloL6tq/?mid=zLpbA7qH,Qualification,2026-02-26T13:19:47.037417+00:00
23T1149M,,22:00,ALGERIA - Ligue 1,Unknown,Constantine,CR Belouizdad,nBionu2l,vNJLB2jP,-,-,finished,https://www.flashscore.com/match/football/constantine-nBionu2l/cr-belouizdad-vNJLB2jP/?mid=23T1149M,Unknown,2026-02-26T13:19:47.037417+00:00
IuwpEsgS,,22:00,ALGERIA - Ligue 1,Unknown,MC Alger,Kabylie,Wfaskwf0,tnY2Lfcp,-,-,finished,https://www.flashscore.com/match/football/kabylie-Wfaskwf0/mc-alger-tnY2Lfcp/?mid=IuwpEsgS,Unknown,2026-02-26T13:19:47.037417+00:00
0YyABEQp,,21:15,ARGENTINA - Liga Profesional - Apertura,Unknown,Racing Club,Ind. Rivadavia,Eg51aDC4,OhapHPm9,-,-,finished,https://www.flashscore.com/match/football/ind-rivadavia-Eg51aDC4/racing-club-OhapHPm9/?mid=0YyABEQp,Unknown,2026-02-26T13:19:47.037417+00:00
8t0uA1kt,,21:15,ARGENTINA - Liga Profesional - Apertura,Unknown,Sarmiento Junin,Union de Santa Fe,KQ6kGfyc,lr2YMkTK,-,-,finished,https://www.flashscore.com/match/football/sarmiento-junin-KQ6kGfyc/union-de-santa-fe-lr2YMkTK/?mid=8t0uA1kt,Unknown,2026-02-26T13:19:47.037417+00:00
YNiVIdYA,,23:30,ARGENTINA - Liga Profesional - Apertura,Unknown,Estudiantes Rio Cuarto,Huracan,llpcIYF2,xd3lGq3F,-,-,finished,https://www.flashscore.com/match/football/estudiantes-rio-cuarto-llpcIYF2/huracan-xd3lGq3F/?mid=YNiVIdYA,Unknown,2026-02-26T13:19:47.037417+00:00
tUEdZHIi,,23:30,ARGENTINA - Liga Profesional - Apertura,Unknown,River Plate,Banfield,GIb40wNM,EVqSBe2f,-,-,finished,https://www.flashscore.com/match/football/banfield-GIb40wNM/river-plate-EVqSBe2f/?mid=tUEdZHIi,Unknown,2026-02-26T13:19:47.037417+00:00
t4kl8pdt,,23:00,BRAZIL - Serie A Betano,Unknown,Santos,Vasco,n3QdnjFB,2RABlYFn,-,-,finished,https://www.flashscore.com/match/football/santos-n3QdnjFB/vasco-2RABlYFn/?mid=t4kl8pdt,Unknown,2026-02-26T13:19:47.037417+00:00
nudN2uGE,,21:00,BRAZIL - Carioca,Unknown,Nova Iguacu,Portuguesa RJ,6ZOUj7Tc,MVetMLIi,-,-,finished,https://www.flashscore.com/match/football/nova-iguacu-6ZOUj7Tc/portuguesa-rj-MVetMLIi/?mid=nudN2uGE,Relegation Group,2026-02-26T13:19:47.037417+00:00
fo9yuxO7,,21:00,BRAZIL - Carioca,Unknown,Sampaio Correa FE,Marica,xW7xjZkH,6idiTLqA,-,-,finished,https://www.flashscore.com/match/football/marica-xW7xjZkH/sampaio-correa-fe-6idiTLqA/?mid=fo9yuxO7,Relegation Group,2026-02-26T13:19:47.037417+00:00
2ZHABwkf,,23:30,BRAZIL - Catarinense,Unknown,Carlos Renaux,Marcilio Dias,O65ncMeB,4WlWHbGF,-,-,finished,https://www.flashscore.com/match/football/carlos-renaux-O65ncMeB/marcilio-dias-4WlWHbGF/?mid=2ZHABwkf,Relegation Group,2026-02-26T13:19:47.037417+00:00
Im6g3bfn,,23:00,BRAZIL - Cearense,Unknown,Ferroviario,Floresta EC,0UkwhBW8,6cfVpFuD,-,-,finished,https://www.flashscore.com/match/football/ferroviario-0UkwhBW8/floresta-ec-6cfVpFuD/?mid=Im6g3bfn,Play Offs,2026-02-26T13:19:47.037417+00:00
Sf4KM0Cm,,23:00,BRAZIL - Paulista A3,Unknown,Itapirense,Rio Claro,UcbefG6J,AkPEBy3K,-,-,finished,https://www.flashscore.com/match/football/itapirense-UcbefG6J/rio-claro-AkPEBy3K/?mid=Sf4KM0Cm,Unknown,2026-02-26T13:19:47.037417+00:00
25uXqdJt,,19:00,BRAZIL - Copa do Brasil U17,Unknown,Botafogo RJ U17,Goias U17,0fEt8HcD,b566Udhs,-,-,finished,https://www.flashscore.com/match/football/botafogo-rj-0fEt8HcD/goias-b566Udhs/?mid=25uXqdJt,Unknown,2026-02-26T13:19:47.037417+00:00
WQ0tKfQE,,19:00,BRAZIL - Brasileiro U20,Unknown,Bahia U20,Corinthians U20,U7zIAwsm,vZKd15Gk,-,-,finished,https://www.flashscore.com/match/football/bahia-U7zIAwsm/corinthians-vZKd15Gk/?mid=WQ0tKfQE,Unknown,2026-02-26T13:19:47.037417+00:00
ENYC12BO,,15:00,CAMEROON - Elite One,Unknown,Canon Yaounde,Cotonsport,48ckmHOC,IB1gnyvJ,-,-,finished,https://www.flashscore.com/match/football/canon-yaounde-48ckmHOC/cotonsport-IB1gnyvJ/?mid=ENYC12BO,Unknown,2026-02-26T13:19:47.037417+00:00
OzdGyvFd,,18:00,CAMEROON - Super Cup,Unknown,Colombe,Panthere,27xPRZxk,MPLYHPAs,-,-,finished,https://www.flashscore.com/match/football/colombe-27xPRZxk/panthere-MPLYHPAs/?mid=OzdGyvFd,Unknown,2026-02-26T13:19:47.037417+00:00
hbgzLkRb,,15:30,CHAD - Premiere Division - LPFN,Unknown,Fehra,Stars J. Talents,CW5xMidc,GYcKRU1F,-,-,finished,https://www.flashscore.com/match/football/fehra-CW5xMidc/stars-j-talents-GYcKRU1F/?mid=hbgzLkRb,Unknown,2026-02-26T13:19:47.037417+00:00
p6BsJTeB,,15:30,CHAD - Premiere Division - LPFN,Unknown,Gazelle,Foullah Edifice,6BtZsN13,joX7cky0,-,-,finished,https://www.flashscore.com/match/football/foullah-edifice-6BtZsN13/gazelle-joX7cky0/?mid=p6BsJTeB,Unknown,2026-02-26T13:19:47.037417+00:00
dWaRMBdn,,15:30,CHAD - Premiere Division - LPFN,Unknown,Tourbillon,Emat,vwMX58dg,vyVAI1p5,-,-,finished,https://www.flashscore.com/match/football/emat-vwMX58dg/tourbillon-vyVAI1p5/?mid=dWaRMBdn,Unknown,2026-02-26T13:19:47.037417+00:00
GUaIIArC,,23:00,COLOMBIA - Primera B - Apertura,Unknown,Boca Juniors,Barranquilla,O8ANu9JR,6yoKBtoR,-,-,finished,https://www.flashscore.com/match/football/barranquilla-O8ANu9JR/boca-juniors-de-cali-6yoKBtoR/?mid=GUaIIArC,Unknown,2026-02-26T13:19:47.037417+00:00
C8sHVw0K,,21:00,COSTA RICA - Liga de Ascenso - Clausura,Unknown,Cofutpa,Quepos Cambute,xdbeAoUn,xpble5Xc,-,-,finished,https://www.flashscore.com/match/football/cofutpa-xdbeAoUn/quepos-cambute-xpble5Xc/?mid=C8sHVw0K,Unknown,2026-02-26T13:19:47.037417+00:00
rDRPfPpp,,12:00,DR CONGO - Ligue 1,Unknown,Saint-Luc,US Panda,bRDQ07GG,6XXWPpSs,-,-,finished,https://www.flashscore.com/match/football/saint-luc-bRDQ07GG/us-panda-6XXWPpSs/?mid=rDRPfPpp,Unknown,2026-02-26T13:19:47.037417+00:00
nDU68h8D,,13:00,DR CONGO - Ligue 1,Unknown,Aigles du Congo,Bukavu Dawa,ll5VeAML,A3NxqwT3,-,-,finished,https://www.flashscore.com/match/football/aigles-du-congo-ll5VeAML/bukavu-dawa-A3NxqwT3/?mid=nDU68h8D,Unknown,2026-02-26T13:19:47.037417+00:00
fcGcCz9l,,14:00,DR CONGO - Ligue 1,Unknown,Etoile de Kivu,FC Renaissance,AyC7mybj,fVHSnLKa,-,-,finished,https://www.flashscore.com/match/football/etoile-de-kivu-AyC7mybj/fc-renaissance-fVHSnLKa/?mid=fcGcCz9l,Unknown,2026-02-26T13:19:47.037417+00:00
CfvNyCgc,,15:00,DR CONGO - Ligue 1,Unknown,Motema Pembe,Dauphins Noirs,MRueczhs,OzNavCpl,-,-,finished,https://www.flashscore.com/match/football/dauphins-noirs-MRueczhs/motema-pembe-OzNavCpl/?mid=CfvNyCgc,Unknown,2026-02-26T13:19:47.037417+00:00
4AEhcVA6,,20:30,EGYPT - Division 2 A,Unknown,Abu Qir Semad,Masar,0jGgnDRP,8nemvXht,-,-,finished,https://www.flashscore.com/match/football/abu-qir-semad-0jGgnDRP/masar-8nemvXht/?mid=4AEhcVA6,Unknown,2026-02-26T13:19:47.037417+00:00
Sr0mJCXP,,20:30,EGYPT - Division 2 A,Unknown,Asyut Petroleum,El Daklyeh,W0hTETl4,fTu5lbuj,-,-,finished,https://www.flashscore.com/match/football/asyut-petroleum-W0hTETl4/el-daklyeh-fTu5lbuj/?mid=Sr0mJCXP,Unknown,2026-02-26T13:19:47.037417+00:00
OEoJDjem,,20:30,EGYPT - Division 2 A,Unknown,El Mansoura,Maleyeit Kafr El Zayiat,dt3L4JJS,4bLm8fm3,-,-,finished,https://www.flashscore.com/match/football/el-mansoura-dt3L4JJS/maleyeit-kafr-el-zayiat-4bLm8fm3/?mid=OEoJDjem,Unknown,2026-02-26T13:19:47.037417+00:00
reQqaitf,,20:30,EGYPT - Division 2 A,Unknown,El-Entag El-Harby,Al-Sekka,jw5i5tLk,Y1fm0wSq,-,-,finished,https://www.flashscore.com/match/football/al-sekka-jw5i5tLk/el-entag-el-harby-Y1fm0wSq/?mid=reQqaitf,Unknown,2026-02-26T13:19:47.037417+00:00
CzI0e9uJ,,20:30,EGYPT - Division 2 A,Unknown,Tanta,Al Qanah,nL7hY2js,na5wg1oG,-,-,finished,https://www.flashscore.com/match/football/al-qanah-nL7hY2js/tanta-na5wg1oG/?mid=CzI0e9uJ,Unknown,2026-02-26T13:19:47.037417+00:00
URGJBUPa,,20:30,EGYPT - Division 2 A,Unknown,Tersana,Proxy,ARsfCqEI,Onos85dp,-,-,finished,https://www.flashscore.com/match/football/proxy-ARsfCqEI/tersana-Onos85dp/?mid=URGJBUPa,Unknown,2026-02-26T13:19:47.037417+00:00
UojvHe9r,,22:00,EL SALVADOR - Copa Presidente,Unknown,Fuerte Aguilares,Hercules,AB73Yk0T,4vEaLK2C,-,-,finished,https://www.flashscore.com/match/football/fuerte-aguilares-AB73Yk0T/hercules-4vEaLK2C/?mid=UojvHe9r,Unknown,2026-02-26T13:19:47.037417+00:00
IPRGGRc2,,22:00,EL SALVADOR - Copa Presidente,Unknown,Fuerte San Francisco,Aguila,dG3y6ucH,KWPjPNr5,-,-,finished,https://www.flashscore.com/match/football/aguila-dG3y6ucH/fuerte-san-francisco-KWPjPNr5/?mid=IPRGGRc2,Unknown,2026-02-26T13:19:47.037417+00:00
lWvieKVO,,22:00,EL SALVADOR - Copa Presidente,Unknown,Racing de Gualuca,Dragon,tGguJnr6,IygC1lUF,-,-,finished,https://www.flashscore.com/match/football/dragon-tGguJnr6/racing-de-gualuca-IygC1lUF/?mid=lWvieKVO,Unknown,2026-02-26T13:19:47.037417+00:00
KYsLHLlf,,16:00,ETHIOPIA - Premier League,Unknown,Mechal,Mekelle 70 Enderta,fF7FZEzp,00ZuwKHc,-,-,finished,https://www.flashscore.com/match/football/mechal-sc-fF7FZEzp/mekelle-70-enderta-fc-00ZuwKHc/?mid=KYsLHLlf,Unknown,2026-02-26T13:19:47.037417+00:00
6ktTFaJ6,,16:00,ETHIOPIA - Premier League,Unknown,Negele Arsi Ketema,Ethiopia Bunna,2yAFxbj3,Ig4eUKaT,-,-,finished,https://www.flashscore.com/match/football/ethiopia-bunna-ethiopian-coffee-2yAFxbj3/negele-arsi-ketema-fc-Ig4eUKaT/?mid=6ktTFaJ6,Unknown,2026-02-26T13:19:47.037417+00:00
O6FLhQXi,,22:00,GUATEMALA - Liga Nacional - Clausura,Unknown,Deportivo Mixco,Mictlan,px1qQF6N,4v2o6i85,-,-,finished,https://www.flashscore.com/match/football/deportivo-mixco-px1qQF6N/mictlan-4v2o6i85/?mid=O6FLhQXi,Unknown,2026-02-26T13:19:47.037417+00:00
r7VvC1Zt,,17:00,GUINEA - Ligue 1,Unknown,CI Kamsar,Ashanti GB,8E8r91EE,p4rwLmg0,-,-,finished,https://www.flashscore.com/match/football/ashanti-gb-sag-8E8r91EE/ci-kamsar-p4rwLmg0/?mid=r7VvC1Zt,Unknown,2026-02-26T13:19:47.037417+00:00
I5WDplMP,,20:00,ICELAND - League Cup,Unknown,Akranes,Valur,zgqsIZWO,GdxJccH5,-,-,finished,https://www.flashscore.com/match/football/akranes-zgqsIZWO/valur-GdxJccH5/?mid=I5WDplMP,Unknown,2026-02-26T13:19:47.037417+00:00
bcTx6el3,,21:00,ICELAND - League Cup,Unknown,IR Reykjavik,Grindavik,zi44AFXa,WU9JK0DR,-,-,finished,https://www.flashscore.com/match/football/grindavik-zi44AFXa/ir-reykjavik-WU9JK0DR/?mid=bcTx6el3,Unknown,2026-02-26T13:19:47.037417+00:00
tKWi4ObB,,15:00,INDIA - ISL,Unknown,Goa,SC Delhi,bmsNPY6c,zafT17en,-,-,finished,https://www.flashscore.com/match/football/fc-goa-bmsNPY6c/sc-delhi-zafT17en/?mid=tKWi4ObB,Unknown,2026-02-26T13:19:47.037417+00:00
UsL5JZH5,,14:30,INDONESIA - Super League,Unknown,Borneo,Arema FC,dpH3oK85,nwyOlpIL,-,-,finished,https://www.flashscore.com/match/football/arema-fc-dpH3oK85/borneo-nwyOlpIL/?mid=UsL5JZH5,Unknown,2026-02-26T13:19:47.037417+00:00
YFRdLemg,,14:30,INDONESIA - Super League,Unknown,Persib Bandung,Madura United,6i1jCnP9,KpBjbPK1,-,-,finished,https://www.flashscore.com/match/football/madura-united-6i1jCnP9/persib-bandung-KpBjbPK1/?mid=YFRdLemg,Unknown,2026-02-26T13:19:47.037417+00:00
02TlNHIt,,14:30,INDONESIA - Super League,Unknown,Persita,Dewa United,IeUVbzhs,d0uFG5mk,-,-,finished,https://www.flashscore.com/match/football/dewa-united-IeUVbzhs/persita-d0uFG5mk/?mid=02TlNHIt,Unknown,2026-02-26T13:19:47.037417+00:00
vgklYxxg,,16:45,IRAN - Persian Gulf Pro League,Unknown,Tractor,Gol Gohar,vi9YQ6UT,IVy1ZyxH,-,-,finished,https://www.flashscore.com/match/football/gol-gohar-vi9YQ6UT/tractor-IVy1ZyxH/?mid=vgklYxxg,Unknown,2026-02-26T13:19:47.037417+00:00
2oUKYXXN,,19:30,IRAQ - Stars League,Unknown,Al Zawraa,Al Shorta,84r5OlNu,WWdfLQyB,-,-,finished,https://www.flashscore.com/match/football/al-shorta-84r5OlNu/al-zawraa-WWdfLQyB/?mid=2oUKYXXN,Unknown,2026-02-26T13:19:47.037417+00:00
ziPwCx3F,,19:30,IRAQ - Stars League,Unknown,Zakho,Al Gharraf,6ijwNYFs,YBFbLqQ4,-,-,finished,https://www.flashscore.com/match/football/al-gharraf-6ijwNYFs/zakho-YBFbLqQ4/?mid=ziPwCx3F,Unknown,2026-02-26T13:19:47.037417+00:00
EmYFfER8,,18:30,ISRAEL - Liga Alef North,Unknown,M. Kiryat Ata-Bialik,Hapoel Umm al-Fahm,pQNExaHR,YsuW1tSO,-,-,finished,https://www.flashscore.com/match/football/hapoel-umm-al-fahm-pQNExaHR/maccabi-kiryat-ata-bialik-YsuW1tSO/?mid=EmYFfER8,Unknown,2026-02-26T13:19:47.037417+00:00
vkGlzptf,,19:30,ISRAEL - Liga Alef North,Unknown,Beit Shean,MS Tira,p2R286ri,nybNr5zs,-,-,finished,https://www.flashscore.com/match/football/beit-shean-p2R286ri/ms-tira-nybNr5zs/?mid=vkGlzptf,Unknown,2026-02-26T13:19:47.037417+00:00
2c6J5oHs,,17:00,ISRAEL - Liga Alef South,Unknown,Hapoel Azor,Nordia Jerusalem,6Db80fop,hSctDSEa,-,-,finished,https://www.flashscore.com/match/football/beitar-nordia-jerusalem-6Db80fop/hapoel-azor-hSctDSEa/?mid=2c6J5oHs,Unknown,2026-02-26T13:19:47.037417+00:00
2XKt3gfU,,19:30,ISRAEL - Liga Alef South,Unknown,Shimshon Tel Aviv,Ramat Hasharon,tv2KcqX8,QNIKZx6d,-,-,finished,https://www.flashscore.com/match/football/ramat-hasharon-tv2KcqX8/shimshon-tel-aviv-QNIKZx6d/?mid=2XKt3gfU,Unknown,2026-02-26T13:19:47.037417+00:00
6sZI1oIs,,19:45,JORDAN - Premier League,Unknown,Al Hussein,Al Buqaa,vsbYw1n7,j9mK0B3Q,-,-,finished,https://www.flashscore.com/match/football/al-buqaa-vsbYw1n7/al-hussein-j9mK0B3Q/?mid=6sZI1oIs,Unknown,2026-02-26T13:19:47.037417+00:00
M9cn77fK,,19:45,JORDAN - Premier League,Unknown,Al Wehdat,Al Salt,bHIHtuAP,dGsh4eOj,-,-,finished,https://www.flashscore.com/match/football/al-salt-bHIHtuAP/al-wehdat-dGsh4eOj/?mid=M9cn77fK,Unknown,2026-02-26T13:19:47.037417+00:00
ram6pUGq,,21:30,LIBYA - Premier League,Unknown,Al Hilal Benghazi,Al Ahly Benghazi,U36idyL0,pC8f0aG3,-,-,finished,https://www.flashscore.com/match/football/al-ahly-benghazi-U36idyL0/al-hilal-benghazi-pC8f0aG3/?mid=ram6pUGq,Unknown,2026-02-26T13:19:47.037417+00:00
hI6Z2xXA,,21:30,LIBYA - Premier League,Unknown,Al Taawun,Darnes,C4WZPen7,O86tie4p,-,-,finished,https://www.flashscore.com/match/football/al-taawun-C4WZPen7/darnes-O86tie4p/?mid=hI6Z2xXA,Unknown,2026-02-26T13:19:47.037417+00:00
GCoEr8od,,22:00,LIBYA - Premier League,Unknown,Al Qadisiyah,Abu Salim,bDKkAiK5,vaDiTwlJ,-,-,finished,https://www.flashscore.com/match/football/abu-salim-bDKkAiK5/al-qadisiyah-vaDiTwlJ/?mid=GCoEr8od,Unknown,2026-02-26T13:19:47.037417+00:00
rJw06Bw3,,22:00,LIBYA - Premier League,Unknown,Al Watan,Al Malaab El Libby,OOYijqVT,2BDwY7xI,-,-,finished,https://www.flashscore.com/match/football/al-malaab-el-libby-OOYijqVT/al-watan-2BDwY7xI/?mid=rJw06Bw3,Unknown,2026-02-26T13:19:47.037417+00:00
jqs84k8F,,22:00,LIBYA - Premier League,Unknown,Al-Khmes,Asswehly,rBsII9Vm,Iw5jr76r,-,-,finished,https://www.flashscore.com/match/football/al-khmes-rBsII9Vm/asswehly-Iw5jr76r/?mid=jqs84k8F,Unknown,2026-02-26T13:19:47.037417+00:00
zaoxbj50,,15:30,MAURITIUS - Super League,Unknown,Petite Riviere,Pamplemousses,WMH49yBg,t2bLCZt9,-,-,finished,https://www.flashscore.com/match/football/pamplemousses-WMH49yBg/petite-riviere-t2bLCZt9/?mid=zaoxbj50,Unknown,2026-02-26T13:19:47.037417+00:00
bm3VnElo,,22:00,NICARAGUA - Liga Primera - Clausura,Unknown,Diriangen,Rancho Santana,KnWu1GSM,hpQcABS8,-,-,finished,https://www.flashscore.com/match/football/diriangen-KnWu1GSM/rancho-santana-hpQcABS8/?mid=bm3VnElo,Unknown,2026-02-26T13:19:47.037417+00:00
ljvbxopT,,18:00,NORTH & CENTRAL AMERICA - CONCACAF Championship U20,Unknown,Trinidad & Tobago U20,Barbados U20,zZmg81mq,zLuDg6IA,-,-,finished,https://www.flashscore.com/match/football/barbados-zZmg81mq/trinidad-tobago-zLuDg6IA/?mid=ljvbxopT,Qualification,2026-02-26T13:19:47.037417+00:00
KYUTWO7j,,21:00,NORTH & CENTRAL AMERICA - CONCACAF Championship U20,Unknown,Sint Maarten U20,Costa Rica U20,lKkY6nIp,4UFbNsVc,-,-,finished,https://www.flashscore.com/match/football/costa-rica-lKkY6nIp/sint-maarten-4UFbNsVc/?mid=KYUTWO7j,Qualification,2026-02-26T13:19:47.037417+00:00
YDCGfSac,,22:00,NORTH & CENTRAL AMERICA - CONCACAF Championship U20,Unknown,Anguilla U20,Haiti U20,IZLNqGaR,WtmlJpml,-,-,finished,https://www.flashscore.com/match/football/anguilla-IZLNqGaR/haiti-WtmlJpml/?mid=YDCGfSac,Qualification,2026-02-26T13:19:47.037417+00:00
KAnstTp4,,23:00,NORTH & CENTRAL AMERICA - CONCACAF Championship U20,Unknown,United States Virgin Islands U20,Canada U20,EeOyT23G,Who2GPu3,-,-,finished,https://www.flashscore.com/match/football/canada-EeOyT23G/united-states-virgin-islands-Who2GPu3/?mid=KAnstTp4,Qualification,2026-02-26T13:19:47.037417+00:00
GGegdnF6,,19:00,OMAN - Professional League,Unknown,Dhofar,Oman Club,pjsQ54Cc,nPxbG6zt,-,-,finished,https://www.flashscore.com/match/football/dhofar-pjsQ54Cc/oman-club-nPxbG6zt/?mid=GGegdnF6,Unknown,2026-02-26T13:19:47.037417+00:00
CvGQidvQ,,22:30,PARAGUAY - Copa de Primera - Apertura,Unknown,Rubio Nu,San Lorenzo,44u3vKp4,Awvfjn49,-,-,finished,https://www.flashscore.com/match/football/rubio-nu-44u3vKp4/san-lorenzo-Awvfjn49/?mid=CvGQidvQ,Unknown,2026-02-26T13:19:47.037417+00:00
AeBDjQmK,,19:30,QATAR - QSL,Unknown,Al-Duhail,Al-Sadd,WYZnRzI1,AkENgqwB,-,-,finished,https://www.flashscore.com/match/football/al-duhail-WYZnRzI1/al-sadd-AkENgqwB/?mid=AeBDjQmK,Unknown,2026-02-26T13:19:47.037417+00:00
rkJRSMeD,,19:30,QATAR - QSL,Unknown,Al-Gharafa,Al Rayyan,SQrTeoKd,SWo1QmYO,-,-,finished,https://www.flashscore.com/match/football/al-gharafa-SQrTeoKd/al-rayyan-SWo1QmYO/?mid=rkJRSMeD,Unknown,2026-02-26T13:19:47.037417+00:00
Iuy0Ou5e,,16:30,ROMANIA - Liga 2,Unknown,Steaua Bucuresti,CSM Slatina,zRqy53ur,UBkj02Q9,-,-,finished,https://www.flashscore.com/match/football/csm-slatina-zRqy53ur/steaua-bucuresti-UBkj02Q9/?mid=Iuy0Ou5e,Unknown,2026-02-26T13:19:47.037417+00:00
b5Ld3u04,,20:00,SAUDI ARABIA - Saudi Professional League,Unknown,Al Fateh,Damac,OIDqIbjd,xfAehSWL,-,-,finished,https://www.flashscore.com/match/football/al-fateh-OIDqIbjd/damac-xfAehSWL/?mid=b5Ld3u04,Unknown,2026-02-26T13:19:47.037417+00:00
On7Ej2Gb,,20:00,SAUDI ARABIA - Saudi Professional League,Unknown,Al Riyadh,Al Ahli SC,0MHmoCY0,l6Iu2w06,-,-,finished,https://www.flashscore.com/match/football/al-ahli-sc-0MHmoCY0/al-riyadh-l6Iu2w06/?mid=On7Ej2Gb,Unknown,2026-02-26T13:19:47.037417+00:00
v5h9Suyq,,15:30,SEYCHELLES - Premier League,Unknown,St Michel United,Real Maldives,zLwAvKwG,vBqEk5c4,-,-,finished,https://www.flashscore.com/match/football/real-maldives-zLwAvKwG/st-michel-united-vBqEk5c4/?mid=v5h9Suyq,Unknown,2026-02-26T13:19:47.037417+00:00
WrJ7xKtg,,17:00,TANZANIA - Ligi Kuu Bara,Unknown,Namungo,Singida Black Stars,rq101FoU,jTBgEvMq,-,-,finished,https://www.flashscore.com/match/football/namungo-rq101FoU/singida-black-stars-jTBgEvMq/?mid=WrJ7xKtg,Unknown,2026-02-26T13:19:47.037417+00:00
8Sj31wpI,,18:30,UNITED ARAB EMIRATES - UAE League,Unknown,Al Jazira,Al Sharjah,WUREBBlh,YqFkJ2t6,-,-,finished,https://www.flashscore.com/match/football/al-jazira-WUREBBlh/al-sharjah-YqFkJ2t6/?mid=8Sj31wpI,Unknown,2026-02-26T13:19:47.037417+00:00
ttkBaHEU,,18:30,UNITED ARAB EMIRATES - UAE League,Unknown,Ittihad Kalba,Al Dhafra,WnyRy5t6,CxR74upk,-,-,finished,https://www.flashscore.com/match/football/al-dhafra-WnyRy5t6/ittihad-kalba-CxR74upk/?mid=ttkBaHEU,Unknown,2026-02-26T13:19:47.037417+00:00
GSrqjeuB,,19:00,UNITED ARAB EMIRATES - Division 1,Unknown,Al Arabi,Al Hamriyah,6JKdE4o3,z5nFsAsU,-,-,finished,https://www.flashscore.com/match/football/al-arabi-uae-6JKdE4o3/al-hamriyah-z5nFsAsU/?mid=GSrqjeuB,Unknown,2026-02-26T13:19:47.037417+00:00
dOBIZZfU,,19:00,UNITED ARAB EMIRATES - Division 1,Unknown,Al Urooba,Al-Ittifaq,SAlALi3d,A792j1gd,-,-,finished,https://www.flashscore.com/match/football/al-ittifaq-SAlALi3d/al-urooba-A792j1gd/?mid=dOBIZZfU,Unknown,2026-02-26T13:19:47.037417+00:00
xrXilZ9N,,19:00,UNITED ARAB EMIRATES - Division 1,Unknown,Dibba Al Hisn,Al Fujairah,b1keFgcs,tvrpfLrG,-,-,finished,https://www.flashscore.com/match/football/al-fujairah-b1keFgcs/dibba-al-hisn-tvrpfLrG/?mid=xrXilZ9N,Unknown,2026-02-26T13:19:47.037417+00:00
YRXMrDXp,,19:00,UNITED ARAB EMIRATES - Division 1,Unknown,Emirates Club,Al Jazira Hamra,CMjaisvj,p4rvWiWp,-,-,finished,https://www.flashscore.com/match/football/al-jazira-hamra-CMjaisvj/emirates-club-p4rvWiWp/?mid=YRXMrDXp,Unknown,2026-02-26T13:19:47.037417+00:00
82uyhHAb,,19:00,UNITED ARAB EMIRATES - Division 1,Unknown,Gulf United,Dubai City,0I76gFiS,ncKaA39S,-,-,finished,https://www.flashscore.com/match/football/dubai-city-0I76gFiS/gulf-united-ncKaA39S/?mid=82uyhHAb,Unknown,2026-02-26T13:19:47.037417+00:00
CznSgwtn,,19:00,UNITED ARAB EMIRATES - Division 1,Unknown,Masfut,Al Thaid,Uc1fhNOq,xdCE608k,-,-,finished,https://www.flashscore.com/match/football/al-thaid-Uc1fhNOq/masfut-xdCE608k/?mid=CznSgwtn,Unknown,2026-02-26T13:19:47.037417+00:00
lzG96GPi,,19:00,UNITED ARAB EMIRATES - Division 1,Unknown,United FC,Majd FC,dWqPk8zo,6s1W4sXk,-,-,finished,https://www.flashscore.com/match/football/majd-fc-dWqPk8zo/united-fc-6s1W4sXk/?mid=lzG96GPi,Unknown,2026-02-26T13:19:47.037417+00:00
buRldqn3,,18:30,UNITED ARAB EMIRATES - Pro League U23,Unknown,Ajman U23,Al Wahda U23,6qxvQaHM,OjZtEARk,-,-,finished,https://www.flashscore.com/match/football/ajman-6qxvQaHM/al-wahda-OjZtEARk/?mid=buRldqn3,Unknown,2026-02-26T13:19:47.037417+00:00
65UdfNGF,,18:30,UNITED ARAB EMIRATES - Pro League U23,Unknown,Shabab Al-Ahli Dubai U23,Al Wasl U23,vJcAJW3S,lYOel3QG,-,-,finished,https://www.flashscore.com/match/football/al-wasl-vJcAJW3S/shabab-al-ahli-dubai-lYOel3QG/?mid=65UdfNGF,Unknown,2026-02-26T13:19:47.037417+00:00
t4SJ5d2m,,13:00,WORLD - Friendly International,Unknown,North Macedonia U18,Bulgaria U19,4Eh6r9et,nkVwxv5O,-,-,finished,https://www.flashscore.com/match/football/bulgaria-4Eh6r9et/north-macedonia-nkVwxv5O/?mid=t4SJ5d2m,Unknown,2026-02-26T13:19:47.037417+00:00
rq3IzY8j,,14:00,WORLD - Friendly International,Unknown,Georgia U17,North Macedonia U17,S83wvSZa,nBoioAsQ,-,-,finished,https://www.flashscore.com/match/football/georgia-S83wvSZa/north-macedonia-nBoioAsQ/?mid=rq3IzY8j,Unknown,2026-02-26T13:19:47.037417+00:00
YRkRw797,,15:00,WORLD - Club Friendly,Unknown,Sandefjord (Nor),Stabaek (Nor),IXyr4UxA,CbXNfZvn,-,-,finished,https://www.flashscore.com/match/football/sandefjord-IXyr4UxA/stabaek-CbXNfZvn/?mid=YRkRw797,Unknown,2026-02-26T13:19:47.037417+00:00
lQRADOe3,,18:00,WORLD - Club Friendly,Unknown,Asane (Nor),Bjarg (Nor),bJZUbRjF,CYdDI8u0,-,-,finished,https://www.flashscore.com/match/football/asane-bJZUbRjF/bjarg-CYdDI8u0/?mid=lQRADOe3,Unknown,2026-02-26T13:19:47.037417+00:00
n5R8vP23,,18:30,WORLD - Club Friendly,Unknown,A. Lustenau (Aut),Hohenems (Aut),655zEcZJ,n1WXRNmJ,-,-,finished,https://www.flashscore.com/match/football/a-lustenau-655zEcZJ/hohenems-n1WXRNmJ/?mid=n5R8vP23,Unknown,2026-02-26T13:19:47.037417+00:00
rTOmi2n9,,18:30,WORLD - Club Friendly,Unknown,Vitkovice (Cze),Vratimov (Cze),x6Lam4Z8,vLIxHQRc,-,-,finished,https://www.flashscore.com/match/football/vitkovice-x6Lam4Z8/vratimov-fc-vLIxHQRc/?mid=rTOmi2n9,Unknown,2026-02-26T13:19:47.037417+00:00
djVIB2QF,,19:25,WORLD - Club Friendly,Unknown,OKS Odense (Den),Odder (Den),rwEtnyp8,CYM0gAER,-,-,finished,https://www.flashscore.com/match/football/odder-rwEtnyp8/oks-odense-CYM0gAER/?mid=djVIB2QF,Unknown,2026-02-26T13:19:47.037417+00:00
zioPMgaL,,19:00,WORLD - Friendly International Women,Unknown,Bahrain W,Saudi Arabia W,p0B3lJB2,xbuqLwDS,-,-,finished,https://www.flashscore.com/match/football/bahrain-p0B3lJB2/saudi-arabia-xbuqLwDS/?mid=zioPMgaL,Unknown,2026-02-26T13:19:47.037417+00:00
UosmCTak,,14:00,ZAMBIA - Super League,Unknown,Konkola,ZESCO,GCFGgmS2,0f5FgmUG,-,-,finished,https://www.flashscore.com/match/football/konkola-blades-GCFGgmS2/zesco-0f5FgmUG/?mid=UosmCTak,Unknown,2026-02-26T13:19:47.037417+00:00
O82MQSEr,,14:00,ZAMBIA - Super League,Unknown,Red Arrows,Power Dynamos,KlN00gNJ,40edj3GC,-,-,finished,https://www.flashscore.com/match/football/power-dynamos-KlN00gNJ/red-arrows-40edj3GC/?mid=O82MQSEr,Unknown,2026-02-26T13:19:47.037417+00:00
