standings_key,league_id,team_id,team_name,position,played,wins,draws,losses,goals_for,goals_against,goal_difference,points,last_updated,region_league
LIGUE_1_TNY2LFCP,LIGUE_1,tnY2Lfcp,MC Alger,1,3,2,18,10,18,8,10,36,2026-02-26T04:16:16.745121+00:00,ALGERIA - LIGUE 1 - ROUND 21
LIGUE_1_NBIONU2L,LIGUE_1,nBionu2l,Constantine,2,5,5,25,9,25,16,9,35,2026-02-26T04:16:16.745121+00:00,ALGERIA - LIGUE 1 - ROUND 21
LIGUE_1_NIMCBVEL,LIGUE_1,nimcBvel,Saoura,3,4,6,23,1,23,22,1,31,2026-02-26T04:16:16.745121+00:00,ALGERIA - LIGUE 1 - ROUND 21
LIGUE_1_DHMQSMOH,LIGUE_1,dhMQsMOh,Olympique Akbou,4,5,5,24,3,24,21,3,29,2026-02-26T04:16:16.745121+00:00,ALGERIA - LIGUE 1 - ROUND 21
LIGUE_1_CRCMB35M,LIGUE_1,CrCmB35M,Oran,5,6,6,21,4,21,17,4,27,2026-02-26T04:16:16.745121+00:00,ALGERIA - LIGUE 1 - ROUND 21
LIGUE_1_QMVZVXCB,LIGUE_1,QmvZvxCB,Ben Aknoun,6,6,5,24,2,24,22,2,27,2026-02-26T04:16:16.745121+00:00,ALGERIA - LIGUE 1 - ROUND 21
LIGUE_1_HGHHY7AM,LIGUE_1,hGHHy7Am,Rouisset,7,5,8,19,-2,19,21,-2,26,2026-02-26T04:16:16.745121+00:00,ALGERIA - LIGUE 1 - ROUND 21
LIGUE_1_VNJLB2JP,LIGUE_1,vNJLB2jP,CR Belouizdad,8,7,3,20,6,20,14,6,25,2026-02-26T04:16:16.745121+00:00,ALGERIA - LIGUE 1 - ROUND 21
LIGUE_1_LYUJTBJ9,LIGUE_1,lYuJtBj9,Khenchela,9,7,5,21,0,21,21,0,25,2026-02-26T04:16:16.745121+00:00,ALGERIA - LIGUE 1 - ROUND 21
LIGUE_1_ZXBIDJ5T,LIGUE_1,zXBidj5t,USM Alger,10,9,2,19,5,19,14,5,24,2026-02-26T04:16:16.745121+00:00,ALGERIA - LIGUE 1 - ROUND 21
LIGUE_1_WFASKWF0,LIGUE_1,Wfaskwf0,Kabylie,11,6,4,19,3,19,16,3,24,2026-02-26T04:16:16.745121+00:00,ALGERIA - LIGUE 1 - ROUND 21
LIGUE_1_EDGC6QYP,LIGUE_1,EDgC6qYp,ES Setif,12,8,7,19,-6,19,25,-6,23,2026-02-26T04:16:16.745121+00:00,ALGERIA - LIGUE 1 - ROUND 21
LIGUE_1_AOBOLC96,LIGUE_1,Aobolc96,ASO Chlef,13,6,9,17,-3,17,20,-3,21,2026-02-26T04:16:16.745121+00:00,ALGERIA - LIGUE 1 - ROUND 21
LIGUE_1_WIYFFF3J,LIGUE_1,WIyffF3J,Paradou,14,2,11,20,-8,20,28,-8,17,2026-02-26T04:16:16.745121+00:00,ALGERIA - LIGUE 1 - ROUND 21
LIGUE_1_J9T7TM2E,LIGUE_1,j9T7TM2E,Mostaganem,15,5,12,12,-9,12,21,-9,14,2026-02-26T04:16:16.745121+00:00,ALGERIA - LIGUE 1 - ROUND 21
LIGUE_1_S6H5XCS1,LIGUE_1,S6H5xCS1,El Bayadh,16,6,12,11,-15,11,26,-15,12,2026-02-26T04:16:16.745121+00:00,ALGERIA - LIGUE 1 - ROUND 21
LIGA_PROFESIONAL_AMZATY2S,LIGA_PROFESIONAL,Amzaty2s,Belgrano,1,3,0,9,5,9,4,5,15,2026-02-26T04:36:01.345718+00:00,ARGENTINA - LIGA PROFESIONAL - APERTURA - ROUND 7
LIGA_PROFESIONAL_EG51ADC4,LIGA_PROFESIONAL,Eg51aDC4,Ind. Rivadavia,2,0,1,10,4,10,6,4,15,2026-02-26T04:36:01.345718+00:00,ARGENTINA - LIGA PROFESIONAL - APERTURA - ROUND 7
LIGA_PROFESIONAL_NKWO1UW4,LIGA_PROFESIONAL,nkwO1uw4,Tigre,3,2,1,12,7,12,5,7,14,2026-02-26T04:36:01.345718+00:00,ARGENTINA - LIGA PROFESIONAL - APERTURA - ROUND 7
LIGA_PROFESIONAL_4QMJ2LNC,LIGA_PROFESIONAL,4QmJ2LNc,Rosario Central,4,2,2,8,2,8,6,2,11,2026-02-26T04:36:01.345718+00:00,ARGENTINA - LIGA PROFESIONAL - APERTURA - ROUND 7
LIGA_PROFESIONAL_JIDN9ZAJ,LIGA_PROFESIONAL,jiDN9Zaj,Gimnasia L.P.,5,1,3,7,-1,7,8,-1,10,2026-02-26T04:36:01.345718+00:00,ARGENTINA - LIGA PROFESIONAL - APERTURA - ROUND 7
LIGA_PROFESIONAL_XD3LGQ3F,LIGA_PROFESIONAL,xd3lGq3F,Huracan,6,3,1,5,1,5,4,1,9,2026-02-26T04:36:01.345718+00:00,ARGENTINA - LIGA PROFESIONAL - APERTURA - ROUND 7
LIGA_PROFESIONAL_QUXS0AHA,LIGA_PROFESIONAL,QuxS0ahA,Argentinos Jrs,7,2,1,3,1,3,2,1,8,2026-02-26T04:36:01.345718+00:00,ARGENTINA - LIGA PROFESIONAL - APERTURA - ROUND 7
LIGA_PROFESIONAL_HW08CP6J,LIGA_PROFESIONAL,hW08cP6J,Barracas Central,8,2,3,5,-1,5,6,-1,8,2026-02-26T04:36:01.345718+00:00,ARGENTINA - LIGA PROFESIONAL - APERTURA - ROUND 7
LIGA_PROFESIONAL_GIB40WNM,LIGA_PROFESIONAL,GIb40wNM,Banfield,9,1,3,6,0,6,6,0,7,2026-02-26T04:36:01.345718+00:00,ARGENTINA - LIGA PROFESIONAL - APERTURA - ROUND 7
LIGA_PROFESIONAL_OHAPHPM9,LIGA_PROFESIONAL,OhapHPm9,Racing Club,10,1,3,7,-1,7,8,-1,7,2026-02-26T04:36:01.345718+00:00,ARGENTINA - LIGA PROFESIONAL - APERTURA - ROUND 7
LIGA_PROFESIONAL_EVQSBE2F,LIGA_PROFESIONAL,EVqSBe2f,River Plate,11,1,3,4,-2,4,6,-2,7,2026-02-26T04:36:01.345718+00:00,ARGENTINA - LIGA PROFESIONAL - APERTURA - ROUND 7
LIGA_PROFESIONAL_KQ6KGFYC,LIGA_PROFESIONAL,KQ6kGfyc,Sarmiento Junin,12,0,4,4,-2,4,6,-2,6,2026-02-26T04:36:01.345718+00:00,ARGENTINA - LIGA PROFESIONAL - APERTURA - ROUND 7
LIGA_PROFESIONAL_KPQPXWKO,LIGA_PROFESIONAL,KpqpxWko,Atl. Tucuman,13,2,4,9,-1,9,10,-1,5,2026-02-26T04:36:01.345718+00:00,ARGENTINA - LIGA PROFESIONAL - APERTURA - ROUND 7
LIGA_PROFESIONAL_EU4QRECB,LIGA_PROFESIONAL,Eu4qrEcB,Aldosivi,14,3,3,2,-4,2,6,-4,3,2026-02-26T04:36:01.345718+00:00,ARGENTINA - LIGA PROFESIONAL - APERTURA - ROUND 7
LIGA_PROFESIONAL_LLPCIYF2,LIGA_PROFESIONAL,llpcIYF2,Estudiantes Rio Cuarto,15,1,5,1,-10,1,11,-10,1,2026-02-26T04:36:01.345718+00:00,ARGENTINA - LIGA PROFESIONAL - APERTURA - ROUND 7
LIGA_PROFESIONAL_P2SKCHXS,LIGA_PROFESIONAL,p2SkCHXs,Estudiantes L.P.,1,3,0,7,5,7,2,5,15,2026-02-26T04:18:46.445007+00:00,ARGENTINA - LIGA PROFESIONAL - APERTURA - ROUND 7
LIGA_PROFESIONAL_USCR8GFD,LIGA_PROFESIONAL,UsCR8gFd,Velez Sarsfield,2,3,0,8,4,8,4,4,15,2026-02-26T04:18:46.445007+00:00,ARGENTINA - LIGA PROFESIONAL - APERTURA - ROUND 7
LIGA_PROFESIONAL_80MMDBDN,LIGA_PROFESIONAL,80MMdBdN,Platense,3,3,1,5,2,5,3,2,12,2026-02-26T04:18:46.445007+00:00,ARGENTINA - LIGA PROFESIONAL - APERTURA - ROUND 7
LIGA_PROFESIONAL_JU1XJOJD,LIGA_PROFESIONAL,ju1xJoJd,San Lorenzo,4,2,2,7,2,7,5,2,11,2026-02-26T04:18:46.445007+00:00,ARGENTINA - LIGA PROFESIONAL - APERTURA - ROUND 7
LIGA_PROFESIONAL_GDFV0ZSH,LIGA_PROFESIONAL,Gdfv0Zsh,Defensa y Justicia,5,5,0,6,2,6,4,2,11,2026-02-26T04:18:46.445007+00:00,ARGENTINA - LIGA PROFESIONAL - APERTURA - ROUND 7
LIGA_PROFESIONAL_UVATI5Y2,LIGA_PROFESIONAL,UVatI5Y2,Independiente,6,4,1,9,2,9,7,2,10,2026-02-26T04:18:46.445007+00:00,ARGENTINA - LIGA PROFESIONAL - APERTURA - ROUND 7
LIGA_PROFESIONAL_BKDDEAVA,LIGA_PROFESIONAL,bkDdeAvA,Talleres Cordoba,7,1,3,8,-1,8,9,-1,10,2026-02-26T04:18:46.445007+00:00,ARGENTINA - LIGA PROFESIONAL - APERTURA - ROUND 7
LIGA_PROFESIONAL_LR2YMKTK,LIGA_PROFESIONAL,lr2YMkTK,Union de Santa Fe,8,2,2,6,3,6,3,3,8,2026-02-26T04:18:46.445007+00:00,ARGENTINA - LIGA PROFESIONAL - APERTURA - ROUND 7
LIGA_PROFESIONAL_HMRWAFH0,LIGA_PROFESIONAL,hMrWAFH0,Boca Juniors,9,2,2,5,1,5,4,1,8,2026-02-26T04:18:46.445007+00:00,ARGENTINA - LIGA PROFESIONAL - APERTURA - ROUND 7
LIGA_PROFESIONAL_Y9YH1J7G,LIGA_PROFESIONAL,Y9yh1J7G,Lanus,10,2,1,8,0,8,8,0,8,2026-02-26T04:18:46.445007+00:00,ARGENTINA - LIGA PROFESIONAL - APERTURA - ROUND 7
LIGA_PROFESIONAL_8G45BXRA,LIGA_PROFESIONAL,8G45bXRA,Instituto,11,2,3,8,0,8,8,0,8,2026-02-26T04:18:46.445007+00:00,ARGENTINA - LIGA PROFESIONAL - APERTURA - ROUND 7
LIGA_PROFESIONAL_0DHZREQL,LIGA_PROFESIONAL,0dHZReql,Central Cordoba,12,2,3,3,-1,3,4,-1,8,2026-02-26T04:18:46.445007+00:00,ARGENTINA - LIGA PROFESIONAL - APERTURA - ROUND 7
LIGA_PROFESIONAL_K2SDXBFE,LIGA_PROFESIONAL,K2sDXbFE,Gimnasia Mendoza,13,1,4,4,-5,4,9,-5,7,2026-02-26T04:18:46.445007+00:00,ARGENTINA - LIGA PROFESIONAL - APERTURA - ROUND 7
LIGA_PROFESIONAL_2IZ4Q0Z6,LIGA_PROFESIONAL,2iZ4q0z6,Dep. Riestra,14,4,3,2,-3,2,5,-3,4,2026-02-26T04:18:46.445007+00:00,ARGENTINA - LIGA PROFESIONAL - APERTURA - ROUND 7
LIGA_PROFESIONAL_6GMIRHVJ,LIGA_PROFESIONAL,6gMiRHVj,Newells Old Boys,15,2,5,5,-9,5,14,-9,2,2026-02-26T04:18:46.445007+00:00,ARGENTINA - LIGA PROFESIONAL - APERTURA - ROUND 7
PREMIER_LEAGUE_SXAQEJ9J,PREMIER_LEAGUE,SxAQEj9j,PHC Zebras,1,3,2,25,13,25,12,13,30,2026-02-26T04:24:20.299171+00:00,BERMUDA - PREMIER LEAGUE - ROUND 13
PREMIER_LEAGUE_DRZDS9WJ,PREMIER_LEAGUE,drZDS9wj,Devonshire Colts,2,1,2,30,13,30,17,13,28,2026-02-26T04:24:20.299171+00:00,BERMUDA - PREMIER LEAGUE - ROUND 13
PREMIER_LEAGUE_Y3EKBYI4,PREMIER_LEAGUE,Y3EkByI4,Dandy Town Hornets,3,1,3,25,13,25,12,13,28,2026-02-26T04:24:20.299171+00:00,BERMUDA - PREMIER LEAGUE - ROUND 13
PREMIER_LEAGUE_XXLTDCMH,PREMIER_LEAGUE,xxLtDcmh,North Village Rams,4,4,3,31,16,31,15,16,25,2026-02-26T04:24:20.299171+00:00,BERMUDA - PREMIER LEAGUE - ROUND 13
PREMIER_LEAGUE_OXY69FNH,PREMIER_LEAGUE,Oxy69FnH,Devonshire Cougars,5,5,3,24,1,24,23,1,17,2026-02-26T04:24:20.299171+00:00,BERMUDA - PREMIER LEAGUE - ROUND 13
PREMIER_LEAGUE_CCBLEH94,PREMIER_LEAGUE,CCblEh94,X-Roads Warriors,6,4,5,25,-2,25,27,-2,16,2026-02-26T04:24:20.299171+00:00,BERMUDA - PREMIER LEAGUE - ROUND 13
PREMIER_LEAGUE_PTB9PACQ,PREMIER_LEAGUE,ptb9Pacq,St. Georges Colts,7,4,7,21,-9,21,30,-9,10,2026-02-26T04:24:20.299171+00:00,BERMUDA - PREMIER LEAGUE - ROUND 13
PREMIER_LEAGUE_27VQ46BD,PREMIER_LEAGUE,27vQ46bD,Paget,8,3,7,12,-8,12,20,-8,9,2026-02-26T04:24:20.299171+00:00,BERMUDA - PREMIER LEAGUE - ROUND 13
PREMIER_LEAGUE_YLAPFYGB,PREMIER_LEAGUE,YLapFYgb,YMSC,9,4,8,21,-17,21,38,-17,7,2026-02-26T04:24:20.299171+00:00,BERMUDA - PREMIER LEAGUE - ROUND 13
PREMIER_LEAGUE_PD5GNGPD,PREMIER_LEAGUE,pd5GNgpD,Boulevard Blazers,10,3,8,16,-20,16,36,-20,6,2026-02-26T04:24:20.299171+00:00,BERMUDA - PREMIER LEAGUE - ROUND 13
SERIE_A_BETANO_HMN9FTBH,SERIE_A_BETANO,hMn9FTbH,Palmeiras,1,1,0,12,7,12,5,7,10,2026-02-26T04:26:01.249619+00:00,BRAZIL - SERIE A BETANO - ROUND 4
SERIE_A_BETANO_QGP0OAUH,SERIE_A_BETANO,QgP0oAUH,Sao Paulo,2,1,0,6,4,6,2,4,10,2026-02-26T04:26:01.249619+00:00,BRAZIL - SERIE A BETANO - ROUND 4
SERIE_A_BETANO_QBGFQBSE,SERIE_A_BETANO,QBGfQbSe,Corinthians,3,1,1,5,2,5,3,2,7,2026-02-26T04:26:01.249619+00:00,BRAZIL - SERIE A BETANO - ROUND 4
SERIE_A_BETANO_UED7XTZM,SERIE_A_BETANO,UeD7XtzM,Bahia,4,1,0,4,2,4,2,2,7,2026-02-26T04:26:01.249619+00:00,BRAZIL - SERIE A BETANO - ROUND 4
SERIE_A_BETANO_EV9L3KU4,SERIE_A_BETANO,EV9L3kU4,Fluminense,5,1,1,5,1,5,4,1,7,2026-02-26T04:26:01.249619+00:00,BRAZIL - SERIE A BETANO - ROUND 4
SERIE_A_BETANO_UOAXB1TQ,SERIE_A_BETANO,UoAxb1Tq,Athletico-PR,6,1,1,4,1,4,3,1,7,2026-02-26T04:26:01.249619+00:00,BRAZIL - SERIE A BETANO - ROUND 4
SERIE_A_BETANO_JWKVKHGA,SERIE_A_BETANO,jwKvKhGa,Bragantino,7,1,1,3,0,3,3,0,7,2026-02-26T04:26:01.249619+00:00,BRAZIL - SERIE A BETANO - ROUND 4
SERIE_A_BETANO_E1EFMHVH,SERIE_A_BETANO,E1EFmhVh,Gremio,8,0,2,8,0,8,8,0,6,2026-02-26T04:26:01.249619+00:00,BRAZIL - SERIE A BETANO - ROUND 4
SERIE_A_BETANO_JCQV3XP6,SERIE_A_BETANO,jcQV3XP6,Chapecoense-SC,9,2,0,8,2,8,6,2,5,2026-02-26T04:26:01.249619+00:00,BRAZIL - SERIE A BETANO - ROUND 4
SERIE_A_BETANO_PQ8RYEE7,SERIE_A_BETANO,pQ8ryEe7,Mirassol,10,2,0,6,1,6,5,1,5,2026-02-26T04:26:01.249619+00:00,BRAZIL - SERIE A BETANO - ROUND 4
SERIE_A_BETANO_WJXY29QB,SERIE_A_BETANO,WjxY29qB,Flamengo RJ,11,1,1,4,0,4,4,0,4,2026-02-26T04:26:01.249619+00:00,BRAZIL - SERIE A BETANO - ROUND 4
SERIE_A_BETANO_KGO4PUQO,SERIE_A_BETANO,KGO4pUqO,Coritiba,12,1,2,5,-1,5,6,-1,4,2026-02-26T04:26:01.249619+00:00,BRAZIL - SERIE A BETANO - ROUND 4
SERIE_A_BETANO_JXZWOWA5,SERIE_A_BETANO,jXzWoWa5,Botafogo RJ,13,0,2,7,1,7,6,1,3,2026-02-26T04:26:01.249619+00:00,BRAZIL - SERIE A BETANO - ROUND 4
SERIE_A_BETANO_8BSBHIPN,SERIE_A_BETANO,8bSbHipn,Vitoria,14,0,2,4,-3,4,7,-3,3,2026-02-26T04:26:01.249619+00:00,BRAZIL - SERIE A BETANO - ROUND 4
SERIE_A_BETANO_2I0B6ZUL,SERIE_A_BETANO,2i0B6Zul,Remo,15,3,1,6,-2,6,8,-2,3,2026-02-26T04:26:01.249619+00:00,BRAZIL - SERIE A BETANO - ROUND 4
SERIE_A_BETANO_HGLC5BAH,SERIE_A_BETANO,hGLC5Bah,Atletico-MG,16,2,2,6,-2,6,8,-2,2,2026-02-26T04:26:01.249619+00:00,BRAZIL - SERIE A BETANO - ROUND 4
SERIE_A_BETANO_TSCIHJ0I,SERIE_A_BETANO,tSCiHj0I,Internacional,17,2,2,3,-3,3,6,-3,2,2026-02-26T04:26:01.249619+00:00,BRAZIL - SERIE A BETANO - ROUND 4
SERIE_A_BETANO_0SWTCLAU,SERIE_A_BETANO,0SwtclaU,Cruzeiro,18,2,2,4,-5,4,9,-5,2,2026-02-26T04:26:01.249619+00:00,BRAZIL - SERIE A BETANO - ROUND 4
SERIE_A_BETANO_2RABLYFN,SERIE_A_BETANO,2RABlYFn,Vasco,19,1,2,2,-2,2,4,-2,1,2026-02-26T04:26:01.249619+00:00,BRAZIL - SERIE A BETANO - ROUND 4
SERIE_A_BETANO_N3QDNJFB,SERIE_A_BETANO,n3QdnjFB,Santos,20,1,2,4,-3,4,7,-3,1,2026-02-26T04:26:01.249619+00:00,BRAZIL - SERIE A BETANO - ROUND 4
CARIOCA_6IDITLQA,CARIOCA,6idiTLqA,Sampaio Correa FE,1,1,0,8,5,8,3,5,7,2026-02-26T04:28:27.414009+00:00,BRAZIL - CARIOCA - RELEGATION GROUP - ROUND 4
CARIOCA_MVETMLII,CARIOCA,MVetMLIi,Portuguesa RJ,2,1,1,5,1,5,4,1,4,2026-02-26T04:28:27.414009+00:00,BRAZIL - CARIOCA - RELEGATION GROUP - ROUND 4
CARIOCA_XW7XJZKH,CARIOCA,xW7xjZkH,Marica,3,0,2,1,-5,1,6,-5,3,2026-02-26T04:28:27.414009+00:00,BRAZIL - CARIOCA - RELEGATION GROUP - ROUND 4
CARIOCA_6ZOUJ7TC,CARIOCA,6ZOUj7Tc,Nova Iguacu,4,2,1,2,-1,2,3,-1,2,2026-02-26T04:28:27.414009+00:00,BRAZIL - CARIOCA - RELEGATION GROUP - ROUND 4
CATARINENSE_4WLWHBGF,CATARINENSE,4WlWHbGF,Marcilio Dias,1,1,0,7,4,7,3,4,10,2026-02-26T04:29:16.355491+00:00,BRAZIL - CATARINENSE - RELEGATION GROUP - ROUND 5
CATARINENSE_O65NCMEB,CATARINENSE,O65ncMeB,Carlos Renaux,2,1,1,4,-1,4,5,-1,7,2026-02-26T04:29:16.355491+00:00,BRAZIL - CATARINENSE - RELEGATION GROUP - ROUND 5
CATARINENSE_JOO7TFHP,CATARINENSE,joO7tfhP,Figueirense,3,0,3,1,-2,1,3,-2,4,2026-02-26T04:29:16.355491+00:00,BRAZIL - CATARINENSE - RELEGATION GROUP - ROUND 5
CATARINENSE_QAMTNJZC,CATARINENSE,QamTNjZC,Joinville,4,0,3,6,-1,6,7,-1,3,2026-02-26T04:29:16.355491+00:00,BRAZIL - CATARINENSE - RELEGATION GROUP - ROUND 5
PAULISTA_A3_NMVJWSC1,PAULISTA_A3,nmVjwSC1,Portuguesa Santista,1,0,2,15,8,15,7,8,21,2026-02-26T04:36:33.765276+00:00,BRAZIL - PAULISTA A3 - ROUND 9
PAULISTA_A3_MRDSXMKF,PAULISTA_A3,MRDsXMKF,Marilia,2,4,0,14,10,14,4,10,19,2026-02-26T04:36:33.765276+00:00,BRAZIL - PAULISTA A3 - ROUND 9
PAULISTA_A3_AKPEBY3K,PAULISTA_A3,AkPEBy3K,Rio Claro,3,2,1,11,5,11,6,5,17,2026-02-26T04:36:33.765276+00:00,BRAZIL - PAULISTA A3 - ROUND 9
PAULISTA_A3_0CFVLMWU,PAULISTA_A3,0CFvLMWu,Catanduva,4,4,1,12,6,12,6,6,16,2026-02-26T04:36:33.765276+00:00,BRAZIL - PAULISTA A3 - ROUND 9
PAULISTA_A3_SOH76S8I,PAULISTA_A3,SOH76S8I,EC Sao Bernardo,5,3,2,11,4,11,7,4,15,2026-02-26T04:36:33.765276+00:00,BRAZIL - PAULISTA A3 - ROUND 9
PAULISTA_A3_CNCEM7WU,PAULISTA_A3,CncEm7wU,XV de Jau,6,2,3,9,1,9,8,1,14,2026-02-26T04:36:33.765276+00:00,BRAZIL - PAULISTA A3 - ROUND 9
PAULISTA_A3_NOXM1KD7,PAULISTA_A3,noXm1KD7,Rio Preto,7,5,1,13,3,13,10,3,14,2026-02-26T04:36:33.765276+00:00,BRAZIL - PAULISTA A3 - ROUND 9
PAULISTA_A3_4PAKPC40,PAULISTA_A3,4paKPC40,Uniao Barbarense,8,4,2,8,0,8,8,0,13,2026-02-26T04:36:33.765276+00:00,BRAZIL - PAULISTA A3 - ROUND 9
PAULISTA_A3_UWAWAHME,PAULISTA_A3,UwAwaHmE,Paulista,9,2,4,9,0,9,9,0,11,2026-02-26T04:36:33.765276+00:00,BRAZIL - PAULISTA A3 - ROUND 9
PAULISTA_A3_RYBOOWJ6,PAULISTA_A3,rybOOWJ6,Uniao Sao Joao,10,2,4,8,0,8,8,0,11,2026-02-26T04:36:33.765276+00:00,BRAZIL - PAULISTA A3 - ROUND 9
PAULISTA_A3_DGRPG9UR,PAULISTA_A3,dGRPg9UR,Rio Branco SP,11,4,3,7,-4,7,11,-4,10,2026-02-26T04:36:33.765276+00:00,BRAZIL - PAULISTA A3 - ROUND 9
PAULISTA_A3_UQKGAZPT,PAULISTA_A3,UqkGazpt,Bandeirante,12,4,3,6,-5,6,11,-5,10,2026-02-26T04:36:33.765276+00:00,BRAZIL - PAULISTA A3 - ROUND 9
PAULISTA_A3_LE9BUKJJ,PAULISTA_A3,lE9bukjj,Francana,13,0,7,6,-6,6,12,-6,6,2026-02-26T04:36:33.765276+00:00,BRAZIL - PAULISTA A3 - ROUND 9
PAULISTA_A3_S8Q3Z4O7,PAULISTA_A3,S8q3z4o7,Desportivo,14,3,5,5,-9,5,14,-9,6,2026-02-26T04:36:33.765276+00:00,BRAZIL - PAULISTA A3 - ROUND 9
PAULISTA_A3_H8OMBQ66,PAULISTA_A3,h8omBq66,Uniao Suzano,15,2,6,7,-6,7,13,-6,5,2026-02-26T04:36:33.765276+00:00,BRAZIL - PAULISTA A3 - ROUND 9
PAULISTA_A3_UCBEFG6J,PAULISTA_A3,UcbefG6J,Itapirense,16,1,6,8,-7,8,15,-7,4,2026-02-26T04:36:33.765276+00:00,BRAZIL - PAULISTA A3 - ROUND 9
RONDONIENSE_DUH58BS4,RONDONIENSE,dUH58BS4,Ji-Parana,1,1,0,10,10,10,0,10,22,2026-02-26T04:38:18.499035+00:00,BRAZIL - RONDONIENSE - ROUND 10
RONDONIENSE_RHUJUINL,RONDONIENSE,rHujuINl,Guapore,2,2,1,16,10,16,6,10,20,2026-02-26T04:38:18.499035+00:00,BRAZIL - RONDONIENSE - ROUND 10
RONDONIENSE_U9AFOKPL,RONDONIENSE,U9aFoKpL,Porto Velho,3,2,1,17,8,17,9,8,20,2026-02-26T04:38:18.499035+00:00,BRAZIL - RONDONIENSE - ROUND 10
RONDONIENSE_OVAINQWD,RONDONIENSE,OvAiNqwd,Rondoniense,4,2,4,13,4,13,9,4,17,2026-02-26T04:38:18.499035+00:00,BRAZIL - RONDONIENSE - ROUND 10
RONDONIENSE_OX3A1FGU,RONDONIENSE,Ox3a1fGU,Barcelona RO,5,1,7,12,-9,12,21,-9,10,2026-02-26T04:38:18.499035+00:00,BRAZIL - RONDONIENSE - ROUND 10
RONDONIENSE_GH3ZH1OJ,RONDONIENSE,Gh3ZH1oJ,Genus,6,3,6,4,-10,4,14,-10,3,2026-02-26T04:38:18.499035+00:00,BRAZIL - RONDONIENSE - ROUND 10
RONDONIENSE_OQMBWDH1,RONDONIENSE,OQmbwdh1,Uniao Cacoalense,7,1,8,4,-13,4,17,-13,1,2026-02-26T04:38:18.499035+00:00,BRAZIL - RONDONIENSE - ROUND 10
BRASILEIRO_U20_KPXXEEBN,BRASILEIRO_U20,KpxXEEbn,Vasco U20,1,0,0,7,4,7,3,4,6,2026-02-26T04:45:14.351816+00:00,BRAZIL - BRASILEIRO U20 - ROUND 2
BRASILEIRO_U20_YBNXBQYG,BRASILEIRO_U20,YBnXbQYG,Santos U20,2,0,0,5,4,5,1,4,6,2026-02-26T04:45:14.351816+00:00,BRAZIL - BRASILEIRO U20 - ROUND 2
BRASILEIRO_U20_ZEHZAVPU,BRASILEIRO_U20,zeHzAVPu,Palmeiras U20,3,1,0,8,3,8,5,3,4,2026-02-26T04:45:14.351816+00:00,BRAZIL - BRASILEIRO U20 - ROUND 2
BRASILEIRO_U20_LWAGYHL2,BRASILEIRO_U20,lWAgyHl2,Sao Paulo U20,4,1,0,5,1,5,4,1,4,2026-02-26T04:45:14.351816+00:00,BRAZIL - BRASILEIRO U20 - ROUND 2
BRASILEIRO_U20_OASCNHXJ,BRASILEIRO_U20,OAScnHxJ,Vitoria U20,5,1,0,2,1,2,1,1,4,2026-02-26T04:45:14.351816+00:00,BRAZIL - BRASILEIRO U20 - ROUND 2
BRASILEIRO_U20_VZKD15GK,BRASILEIRO_U20,vZKd15Gk,Corinthians U20,6,0,0,4,4,4,0,4,3,2026-02-26T04:45:14.351816+00:00,BRAZIL - BRASILEIRO U20 - ROUND 2
BRASILEIRO_U20_CYX7TJKC,BRASILEIRO_U20,CYX7TjKC,Athletico-PR U20,7,0,1,4,1,4,3,1,3,2026-02-26T04:45:14.351816+00:00,BRAZIL - BRASILEIRO U20 - ROUND 2
BRASILEIRO_U20_IDRRFOCO,BRASILEIRO_U20,IDRRFocO,Cruzeiro U20,8,0,1,3,1,3,2,1,3,2026-02-26T04:45:14.351816+00:00,BRAZIL - BRASILEIRO U20 - ROUND 2
BRASILEIRO_U20_GAECHD3I,BRASILEIRO_U20,GAECHd3I,Criciuma U20,9,0,1,3,0,3,3,0,3,2026-02-26T04:45:14.351816+00:00,BRAZIL - BRASILEIRO U20 - ROUND 2
BRASILEIRO_U20_DDNDGGEC,BRASILEIRO_U20,ddNdggeC,Flamengo RJ U20,10,0,1,7,-1,7,8,-1,3,2026-02-26T04:45:14.351816+00:00,BRAZIL - BRASILEIRO U20 - ROUND 2
BRASILEIRO_U20_0LBNCRXF,BRASILEIRO_U20,0lBncrxF,Cuiaba U20,11,0,1,2,-1,2,3,-1,3,2026-02-26T04:45:14.351816+00:00,BRAZIL - BRASILEIRO U20 - ROUND 2
BRASILEIRO_U20_OO3BPGZ5,BRASILEIRO_U20,OO3bpgZ5,Fluminense U20,12,2,0,4,0,4,4,0,2,2026-02-26T04:45:14.351816+00:00,BRAZIL - BRASILEIRO U20 - ROUND 2
BRASILEIRO_U20_T0BITB0E,BRASILEIRO_U20,t0bitb0E,Fortaleza U20,13,2,0,2,0,2,2,0,2,2026-02-26T04:45:14.351816+00:00,BRAZIL - BRASILEIRO U20 - ROUND 2
BRASILEIRO_U20_K0CAXRLM,BRASILEIRO_U20,K0CAXRlm,RB Bragantino U20,14,1,1,5,-2,5,7,-2,1,2026-02-26T04:45:14.351816+00:00,BRAZIL - BRASILEIRO U20 - ROUND 2
BRASILEIRO_U20_XGDABU3R,BRASILEIRO_U20,xGDabU3R,Juventude U20,15,1,1,1,-2,1,3,-2,1,2026-02-26T04:45:14.351816+00:00,BRAZIL - BRASILEIRO U20 - ROUND 2
BRASILEIRO_U20_6MZ6F5U3,BRASILEIRO_U20,6mZ6F5u3,America MG U20,16,1,1,2,-4,2,6,-4,1,2026-02-26T04:45:14.351816+00:00,BRAZIL - BRASILEIRO U20 - ROUND 2
BRASILEIRO_U20_U7ZIAWSM,BRASILEIRO_U20,U7zIAwsm,Bahia U20,17,0,1,1,-1,1,2,-1,0,2026-02-26T04:45:14.351816+00:00,BRAZIL - BRASILEIRO U20 - ROUND 2
BRASILEIRO_U20_FIMQUBCQ,BRASILEIRO_U20,fiMQubcQ,Botafogo U20,18,0,1,1,-1,1,2,-1,0,2026-02-26T04:45:14.351816+00:00,BRAZIL - BRASILEIRO U20 - ROUND 2
BRASILEIRO_U20_CXW7LOJ1,BRASILEIRO_U20,CxW7lOJ1,Avai U20,19,0,1,0,-1,0,1,-1,0,2026-02-26T04:45:14.351816+00:00,BRAZIL - BRASILEIRO U20 - ROUND 2
BRASILEIRO_U20_DKYIFFMT,BRASILEIRO_U20,dKYIffmT,Gremio U20,20,0,2,3,-6,3,9,-6,0,2026-02-26T04:45:14.351816+00:00,BRAZIL - BRASILEIRO U20 - ROUND 2
ELITE_ONE_Y1BBY8IP,ELITE_ONE,Y1bbY8ip,Bafang,1,1,1,9,3,9,6,3,16,2026-02-26T04:46:15.372558+00:00,CAMEROON - ELITE ONE - ROUND 7
ELITE_ONE_VLT173OM,ELITE_ONE,vLt173Om,Gazelle,2,1,2,6,2,6,4,2,13,2026-02-26T04:46:15.372558+00:00,CAMEROON - ELITE ONE - ROUND 7
ELITE_ONE_IB1GNYVJ,ELITE_ONE,IB1gnyvJ,Cotonsport,3,3,0,9,6,9,3,6,12,2026-02-26T04:46:15.372558+00:00,CAMEROON - ELITE ONE - ROUND 7
ELITE_ONE_RCZUOCZN,ELITE_ONE,rczUOCZn,Victoria United,4,0,3,12,4,12,8,4,12,2026-02-26T04:46:15.372558+00:00,CAMEROON - ELITE ONE - ROUND 7
ELITE_ONE_TTO1EEN8,ELITE_ONE,tto1EEn8,Bamenda,5,0,2,9,3,9,6,3,12,2026-02-26T04:46:15.372558+00:00,CAMEROON - ELITE ONE - ROUND 7
ELITE_ONE_XZUSCH18,ELITE_ONE,xzuSCh18,Dynamo Douala,6,1,2,11,3,11,8,3,10,2026-02-26T04:46:15.372558+00:00,CAMEROON - ELITE ONE - ROUND 7
ELITE_ONE_48CKMHOC,ELITE_ONE,48ckmHOC,Canon Yaounde,7,2,2,6,1,6,5,1,8,2026-02-26T04:46:15.372558+00:00,CAMEROON - ELITE ONE - ROUND 7
ELITE_ONE_27XPRZXK,ELITE_ONE,27xPRZxk,Colombe,8,2,2,5,0,5,5,0,8,2026-02-26T04:46:15.372558+00:00,CAMEROON - ELITE ONE - ROUND 7
ELITE_ONE_MPLYHPAS,ELITE_ONE,MPLYHPAs,Panthere,9,1,3,4,0,4,4,0,7,2026-02-26T04:46:15.372558+00:00,CAMEROON - ELITE ONE - ROUND 7
ELITE_ONE_CTKHC1EF,ELITE_ONE,Ctkhc1eF,Aigle Moungo,10,3,3,5,-2,5,7,-2,6,2026-02-26T04:46:15.372558+00:00,CAMEROON - ELITE ONE - ROUND 7
ELITE_ONE_6CHW78M1,ELITE_ONE,6cHw78m1,Aigle Royal,11,3,3,7,-3,7,10,-3,6,2026-02-26T04:46:15.372558+00:00,CAMEROON - ELITE ONE - ROUND 7
ELITE_ONE_XBAIWGW5,ELITE_ONE,xbAIWGw5,Fauve Azur Elite,12,0,5,4,-4,4,8,-4,6,2026-02-26T04:46:15.372558+00:00,CAMEROON - ELITE ONE - ROUND 7
ELITE_ONE_G87EIVIL,ELITE_ONE,G87EIVIl,Stade Renard,13,5,2,9,-4,9,13,-4,5,2026-02-26T04:46:15.372558+00:00,CAMEROON - ELITE ONE - ROUND 7
ELITE_ONE_0DGUEAP0,ELITE_ONE,0dGuEAp0,Fortuna Mfou,14,2,4,5,-9,5,14,-9,5,2026-02-26T04:46:15.372558+00:00,CAMEROON - ELITE ONE - ROUND 7
PREMIERE_DIVISION_6BTZSN13,PREMIERE_DIVISION,6BtZsN13,Foullah Edifice,1,1,2,39,26,39,13,26,40,2026-02-26T04:55:51.316139+00:00,CHAD - PREMIERE DIVISION - LPFN - ROUND 17
PREMIERE_DIVISION_F5K1QMG0,PREMIERE_DIVISION,f5K1qMG0,Renaissance,2,3,3,37,18,37,19,18,33,2026-02-26T04:55:51.316139+00:00,CHAD - PREMIERE DIVISION - LPFN - ROUND 17
PREMIERE_DIVISION_FD4C3XYP,PREMIERE_DIVISION,fD4c3xYP,Sovotours,3,4,3,25,14,25,11,14,31,2026-02-26T04:55:51.316139+00:00,CHAD - PREMIERE DIVISION - LPFN - ROUND 17
PREMIERE_DIVISION_RPCCUZUJ,PREMIERE_DIVISION,rPcCuZuJ,Colombe,4,3,6,22,2,22,20,2,27,2026-02-26T04:55:51.316139+00:00,CHAD - PREMIERE DIVISION - LPFN - ROUND 17
PREMIERE_DIVISION_VWMX58DG,PREMIERE_DIVISION,vwMX58dg,Emat,5,2,6,22,8,22,14,8,26,2026-02-26T04:55:51.316139+00:00,CHAD - PREMIERE DIVISION - LPFN - ROUND 17
PREMIERE_DIVISION_LJT67ESH,PREMIERE_DIVISION,ljt67esH,Yves,6,2,7,27,7,27,20,7,26,2026-02-26T04:55:51.316139+00:00,CHAD - PREMIERE DIVISION - LPFN - ROUND 17
PREMIERE_DIVISION_LNDSP8WR,PREMIERE_DIVISION,lndSP8WR,As Dgssie,7,6,5,23,2,23,21,2,24,2026-02-26T04:55:51.316139+00:00,CHAD - PREMIERE DIVISION - LPFN - ROUND 17
PREMIERE_DIVISION_GYCKRU1F,PREMIERE_DIVISION,GYcKRU1F,Stars J. Talents,8,3,6,25,-1,25,26,-1,24,2026-02-26T04:55:51.316139+00:00,CHAD - PREMIERE DIVISION - LPFN - ROUND 17
PREMIERE_DIVISION_JOX7CKY0,PREMIERE_DIVISION,joX7cky0,Gazelle,9,3,7,21,-2,21,23,-2,21,2026-02-26T04:55:51.316139+00:00,CHAD - PREMIERE DIVISION - LPFN - ROUND 17
PREMIERE_DIVISION_PIZE5ZBT,PREMIERE_DIVISION,pIZE5ZBT,Galactik,10,6,6,21,-2,21,23,-2,21,2026-02-26T04:55:51.316139+00:00,CHAD - PREMIERE DIVISION - LPFN - ROUND 17
PREMIERE_DIVISION_CW5XMIDC,PREMIERE_DIVISION,CW5xMidc,Fehra,11,3,8,20,-6,20,26,-6,18,2026-02-26T04:55:51.316139+00:00,CHAD - PREMIERE DIVISION - LPFN - ROUND 17
PREMIERE_DIVISION_LFMTRCRA,PREMIERE_DIVISION,lfMtrcrA,CotonTchad,12,4,9,19,-16,19,35,-16,16,2026-02-26T04:55:51.316139+00:00,CHAD - PREMIERE DIVISION - LPFN - ROUND 17
PREMIERE_DIVISION_LAAYJK6L,PREMIERE_DIVISION,lAAYjK6l,USM,13,2,11,19,-20,19,39,-20,14,2026-02-26T04:55:51.316139+00:00,CHAD - PREMIERE DIVISION - LPFN - ROUND 17
PREMIERE_DIVISION_VYVAI1P5,PREMIERE_DIVISION,vyVAI1p5,Tourbillon,14,2,14,9,-30,9,39,-30,2,2026-02-26T04:55:51.316139+00:00,CHAD - PREMIERE DIVISION - LPFN - ROUND 17
